{
  "run_name": "SaProt-35M",
  "encoder": "35M",
  "quant": "none",
  "prot_dim": 480,
  "timestamp": "2026-03-25T22:18:49.817926",
  "test_pearson_r": 0.7831785082817078,
  "test_p_value": 0.0,
  "best_val_r": 0.787255048751831,
  "epochs_trained": 50,
  "train_time_sec": 54.8,
  "n_test": 6012,
  "n_train": 21039
}