{
  "run_name": "SaProt-650M-4bit",
  "encoder": "650M",
  "quant": "4bit",
  "lora": false,
  "lora_r": null,
  "prot_dim": 1280,
  "timestamp": "2026-03-26T13:33:03.379573",
  "test_pearson_r": 0.7913974523544312,
  "test_p_value": 0.0,
  "best_val_r": 0.8016171455383301,
  "epochs_trained": 50,
  "train_time_sec": 197.6,
  "n_test": 6012,
  "n_train": 21039
}